{"land_substation_cable_types":[{"rating":200,"probability_of_failure":0.000273972602739726,"variable_cost":9.6,"id":1,"fixed_cost":96.0},{"rating":300,"probability_of_failure":0.000273972602739726,"variable_cost":12.0,"id":2,"fixed_cost":96.0},{"rating":500,"probability_of_failure":0.000273972602739726,"variable_cost":19.2,"id":3,"fixed_cost":96.0},{"rating":900,"probability_of_failure":0.000273972602739726,"variable_cost":28.799999999999997,"id":4,"fixed_cost":96.0},{"rating":1450,"probability_of_failure":0.000273972602739726,"variable_cost":38.4,"id":5,"fixed_cost":96.0},{"rating":2400,"probability_of_failure":0.000273972602739726,"variable_cost":57.599999999999994,"id":6,"fixed_cost":96.0},{"rating":200,"probability_of_failure":0.0013698630136986301,"variable_cost":8.0,"id":7,"fixed_cost":80.0},{"rating":300,"probability_of_failure":0.0013698630136986301,"variable_cost":10.0,"id":8,"fixed_cost":80.0},{"rating":500,"probability_of_failure":0.0013698630136986301,"variable_cost":16.0,"id":9,"fixed_cost":80.0},{"rating":900,"probability_of_failure":0.0013698630136986301,"variable_cost":24.0,"id":10,"fixed_cost":80.0},{"rating":1450,"probability_of_failure":0.0013698630136986301,"variable_cost":32.0,"id":11,"fixed_cost":80.0},{"rating":2400,"probability_of_failure":0.0013698630136986301,"variable_cost":48.0,"id":12,"fixed_cost":80.0},{"rating":200,"probability_of_failure":0.002054794520547945,"variable_cost":7.2,"id":13,"fixed_cost":72.0},{"rating":300,"probability_of_failure":0.002054794520547945,"variable_cost":9.0,"id":14,"fixed_cost":72.0},{"rating":500,"probability_of_failure":0.002054794520547945,"variable_cost":14.4,"id":15,"fixed_cost":72.0},{"rating":900,"probability_of_failure":0.002054794520547945,"variable_cost":21.6,"id":16,"fixed_cost":72.0},{"rating":1450,"probability_of_failure":0.002054794520547945,"variable_cost":28.8,"id":17,"fixed_cost":72.0},{"rating":2400,"probability_of_failure":0.002054794520547945,"variable_cost":43.2,"id":18,"fixed_cost":72.0},{"rating":200,"probability_of_failure":0.00410958904109589,"variable_cost":6.8,"id":19,"fixed_cost":68.0},{"rating":300,"probability_of_failure":0.00410958904109589,"variable_cost":8.5,"id":20,"fixed_cost":68.0},{"rating":500,"probability_of_failure":0.00410958904109589,"variable_cost":13.6,"id":21,"fixed_cost":68.0},{"rating":900,"probability_of_failure":0.00410958904109589,"variable_cost":20.4,"id":22,"fixed_cost":68.0},{"rating":1450,"probability_of_failure":0.00410958904109589,"variable_cost":27.2,"id":23,"fixed_cost":68.0},{"rating":2400,"probability_of_failure":0.00410958904109589,"variable_cost":40.8,"id":24,"fixed_cost":68.0}],"wind_turbines":[{"id":1,"x":78.2,"y":-3.5},{"id":2,"x":81.0,"y":-3.5},{"id":3,"x":79.5,"y":-3.5},{"id":4,"x":81.6,"y":-3.5},{"id":5,"x":80.5,"y":-3.5},{"id":6,"x":78.9,"y":-3.5},{"id":7,"x":81.5,"y":-3.5},{"id":8,"x":82.0,"y":-3.5},{"id":9,"x":78.2,"y":-3.0},{"id":10,"x":81.0,"y":-3.0},{"id":11,"x":79.5,"y":-3.0},{"id":12,"x":81.6,"y":-3.0},{"id":13,"x":80.5,"y":-3.0},{"id":14,"x":78.9,"y":-3.0},{"id":15,"x":81.5,"y":-3.0},{"id":16,"x":82.0,"y":-3.0},{"id":17,"x":78.2,"y":-2.5},{"id":18,"x":81.0,"y":-2.5},{"id":19,"x":79.5,"y":-2.5},{"id":20,"x":81.6,"y":-2.5},{"id":21,"x":80.5,"y":-2.5},{"id":22,"x":78.9,"y":-2.5},{"id":23,"x":81.5,"y":-2.5},{"id":24,"x":82.0,"y":-2.5},{"id":25,"x":78.2,"y":-2.0},{"id":26,"x":81.0,"y":-2.0},{"id":27,"x":79.5,"y":-2.0},{"id":28,"x":81.6,"y":-2.0},{"id":29,"x":80.5,"y":-2.0},{"id":30,"x":78.9,"y":-2.0},{"id":31,"x":81.5,"y":-2.0},{"id":32,"x":82.0,"y":-2.0},{"id":33,"x":78.2,"y":-1.5},{"id":34,"x":81.0,"y":-1.5},{"id":35,"x":79.5,"y":-1.5},{"id":36,"x":81.6,"y":-1.5},{"id":37,"x":80.5,"y":-1.5},{"id":38,"x":78.9,"y":-1.5},{"id":39,"x":81.5,"y":-1.5},{"id":40,"x":82.0,"y":-1.5},{"id":41,"x":78.2,"y":-1.0},{"id":42,"x":81.0,"y":-1.0},{"id":43,"x":79.5,"y":-1.0},{"id":44,"x":81.6,"y":-1.0},{"id":45,"x":80.5,"y":-1.0},{"id":46,"x":78.9,"y":-1.0},{"id":47,"x":81.5,"y":-1.0},{"id":48,"x":82.0,"y":-1.0},{"id":49,"x":78.2,"y":-0.5},{"id":50,"x":81.0,"y":-0.5},{"id":51,"x":79.5,"y":-0.5},{"id":52,"x":81.6,"y":-0.5},{"id":53,"x":80.5,"y":-0.5},{"id":54,"x":78.9,"y":-0.5},{"id":55,"x":81.5,"y":-0.5},{"id":56,"x":82.0,"y":-0.5},{"id":57,"x":78.2,"y":0.0},{"id":58,"x":81.0,"y":0.0},{"id":59,"x":79.5,"y":0.0},{"id":60,"x":81.6,"y":0.0},{"id":61,"x":80.5,"y":0.0},{"id":62,"x":78.9,"y":0.0},{"id":63,"x":81.5,"y":0.0},{"id":64,"x":82.0,"y":0.0},{"id":65,"x":78.2,"y":0.5},{"id":66,"x":81.0,"y":0.5},{"id":67,"x":79.5,"y":0.5},{"id":68,"x":81.6,"y":0.5},{"id":69,"x":80.5,"y":0.5},{"id":70,"x":78.9,"y":0.5},{"id":71,"x":81.5,"y":0.5},{"id":72,"x":82.0,"y":0.5},{"id":73,"x":78.2,"y":1.0},{"id":74,"x":81.0,"y":1.0},{"id":75,"x":79.5,"y":1.0},{"id":76,"x":81.6,"y":1.0},{"id":77,"x":80.5,"y":1.0},{"id":78,"x":78.9,"y":1.0},{"id":79,"x":81.5,"y":1.0},{"id":80,"x":82.0,"y":1.0},{"id":81,"x":78.2,"y":1.5},{"id":82,"x":81.0,"y":1.5},{"id":83,"x":79.5,"y":1.5},{"id":84,"x":81.6,"y":1.5},{"id":85,"x":80.5,"y":1.5},{"id":86,"x":78.9,"y":1.5},{"id":87,"x":81.5,"y":1.5},{"id":88,"x":82.0,"y":1.5},{"id":89,"x":78.2,"y":2.0},{"id":90,"x":81.0,"y":2.0},{"id":91,"x":79.5,"y":2.0},{"id":92,"x":81.6,"y":2.0},{"id":93,"x":80.5,"y":2.0},{"id":94,"x":78.9,"y":2.0},{"id":95,"x":81.5,"y":2.0},{"id":96,"x":82.0,"y":2.0},{"id":97,"x":78.2,"y":2.5},{"id":98,"x":81.0,"y":2.5},{"id":99,"x":79.5,"y":2.5},{"id":100,"x":81.6,"y":2.5},{"id":101,"x":80.5,"y":2.5},{"id":102,"x":78.9,"y":2.5},{"id":103,"x":81.5,"y":2.5},{"id":104,"x":82.0,"y":2.5},{"id":105,"x":78.2,"y":3.0},{"id":106,"x":81.0,"y":3.0},{"id":107,"x":79.5,"y":3.0},{"id":108,"x":81.6,"y":3.0},{"id":109,"x":80.5,"y":3.0},{"id":110,"x":78.9,"y":3.0},{"id":111,"x":81.5,"y":3.0},{"id":112,"x":82.0,"y":3.0},{"id":113,"x":78.2,"y":3.5},{"id":114,"x":81.0,"y":3.5},{"id":115,"x":79.5,"y":3.5},{"id":116,"x":81.6,"y":3.5},{"id":117,"x":80.5,"y":3.5},{"id":118,"x":78.9,"y":3.5},{"id":119,"x":81.5,"y":3.5},{"id":120,"x":82.0,"y":3.5},{"id":121,"x":78.2,"y":4.0},{"id":122,"x":81.0,"y":4.0},{"id":123,"x":79.5,"y":4.0},{"id":124,"x":81.6,"y":4.0},{"id":125,"x":80.5,"y":4.0},{"id":126,"x":78.9,"y":4.0},{"id":127,"x":81.5,"y":4.0},{"id":128,"x":82.0,"y":4.0}],"wind_scenarios":[{"power_generation":4.662,"probability":0.00118,"id":1},{"power_generation":2.1060000000000003,"probability":0.001,"id":2},{"power_generation":15.282,"probability":0.00097,"id":3},{"power_generation":15.75,"probability":0.00088,"id":4},{"power_generation":14.13,"probability":0.0009,"id":5},{"power_generation":16.02,"probability":0.00102,"id":6},{"power_generation":3.978,"probability":0.0008,"id":7},{"power_generation":13.608,"probability":0.00097,"id":8},{"power_generation":11.844000000000001,"probability":0.001,"id":9},{"power_generation":8.082,"probability":0.00116,"id":10},{"power_generation":7.524,"probability":0.00082,"id":11},{"power_generation":15.318,"probability":0.00085,"id":12},{"power_generation":8.802,"probability":0.00104,"id":13},{"power_generation":13.698,"probability":0.00115,"id":14},{"power_generation":12.978,"probability":0.00103,"id":15},{"power_generation":3.0780000000000003,"probability":0.00099,"id":16},{"power_generation":1.0979999999999999,"probability":0.00089,"id":17},{"power_generation":10.44,"probability":0.00115,"id":18},{"power_generation":7.866,"probability":0.00094,"id":19},{"power_generation":12.456,"probability":0.00105,"id":20},{"power_generation":13.968,"probability":0.00121,"id":21},{"power_generation":12.852,"probability":0.00099,"id":22},{"power_generation":2.286,"probability":0.00099,"id":23},{"power_generation":10.782,"probability":0.00093,"id":24},{"power_generation":11.268,"probability":0.00122,"id":25},{"power_generation":0.108,"probability":0.0009,"id":26},{"power_generation":17.82,"probability":0.0009,"id":27},{"power_generation":13.644,"probability":0.00101,"id":28},{"power_generation":16.830000000000002,"probability":0.00111,"id":29},{"power_generation":10.692,"probability":0.00109,"id":30},{"power_generation":9.81,"probability":0.00107,"id":31},{"power_generation":3.1319999999999997,"probability":0.00092,"id":32},{"power_generation":8.226,"probability":0.00093,"id":33},{"power_generation":14.166,"probability":0.00102,"id":34},{"power_generation":9.0,"probability":0.00093,"id":35},{"power_generation":9.9,"probability":0.00105,"id":36},{"power_generation":15.192,"probability":0.00109,"id":37},{"power_generation":11.664,"probability":0.00098,"id":38},{"power_generation":0.34199999999999997,"probability":0.00108,"id":39},{"power_generation":3.1679999999999997,"probability":0.0009,"id":40},{"power_generation":12.132000000000001,"probability":0.0011,"id":41},{"power_generation":0.054,"probability":0.00097,"id":42},{"power_generation":12.671999999999999,"probability":0.00104,"id":43},{"power_generation":13.338,"probability":0.00099,"id":44},{"power_generation":16.056,"probability":0.00101,"id":45},{"power_generation":6.39,"probability":0.00083,"id":46},{"power_generation":11.808,"probability":0.00118,"id":47},{"power_generation":16.002,"probability":0.00112,"id":48},{"power_generation":2.052,"probability":0.0008,"id":49},{"power_generation":16.722,"probability":0.00106,"id":50},{"power_generation":3.186,"probability":0.001,"id":51},{"power_generation":8.892,"probability":0.00102,"id":52},{"power_generation":10.943999999999999,"probability":0.00101,"id":53},{"power_generation":7.668,"probability":0.00092,"id":54},{"power_generation":3.5460000000000003,"probability":0.00093,"id":55},{"power_generation":7.632,"probability":0.00115,"id":56},{"power_generation":11.25,"probability":0.001,"id":57},{"power_generation":5.58,"probability":0.00105,"id":58},{"power_generation":5.904,"probability":0.00102,"id":59},{"power_generation":12.258000000000001,"probability":0.00094,"id":60},{"power_generation":12.905999999999999,"probability":0.00092,"id":61},{"power_generation":14.148,"probability":0.00095,"id":62},{"power_generation":12.725999999999999,"probability":0.0011,"id":63},{"power_generation":0.99,"probability":0.00107,"id":64},{"power_generation":5.508,"probability":0.00107,"id":65},{"power_generation":16.524,"probability":0.00103,"id":66},{"power_generation":3.0959999999999996,"probability":0.00105,"id":67},{"power_generation":13.716000000000001,"probability":0.00094,"id":68},{"power_generation":1.134,"probability":0.0009,"id":69},{"power_generation":17.874,"probability":0.00088,"id":70},{"power_generation":4.914000000000001,"probability":0.00097,"id":71},{"power_generation":8.82,"probability":0.00112,"id":72},{"power_generation":15.93,"probability":0.001,"id":73},{"power_generation":2.646,"probability":0.00079,"id":74},{"power_generation":14.94,"probability":0.00092,"id":75},{"power_generation":11.736,"probability":0.00098,"id":76},{"power_generation":8.982,"probability":0.00101,"id":77},{"power_generation":5.436,"probability":0.00099,"id":78},{"power_generation":12.834,"probability":0.00104,"id":79},{"power_generation":17.982,"probability":0.00099,"id":80},{"power_generation":14.777999999999999,"probability":0.00095,"id":81},{"power_generation":3.15,"probability":0.00116,"id":82},{"power_generation":3.87,"probability":0.00099,"id":83},{"power_generation":5.292,"probability":0.00102,"id":84},{"power_generation":0.756,"probability":0.00093,"id":85},{"power_generation":10.314,"probability":0.00121,"id":86},{"power_generation":14.040000000000001,"probability":0.00102,"id":87},{"power_generation":14.687999999999999,"probability":0.00107,"id":88},{"power_generation":15.011999999999999,"probability":0.00114,"id":89},{"power_generation":16.11,"probability":0.00101,"id":90},{"power_generation":15.84,"probability":0.0011,"id":91},{"power_generation":3.996,"probability":0.00088,"id":92},{"power_generation":8.280000000000001,"probability":0.001,"id":93},{"power_generation":3.258,"probability":0.00112,"id":94},{"power_generation":2.25,"probability":0.00094,"id":95},{"power_generation":8.316,"probability":0.00095,"id":96},{"power_generation":3.636,"probability":0.00104,"id":97},{"power_generation":14.058,"probability":0.00104,"id":98},{"power_generation":17.676,"probability":0.00105,"id":99},{"power_generation":0.126,"probability":0.00083,"id":100},{"power_generation":1.8539999999999999,"probability":0.00101,"id":101},{"power_generation":10.836,"probability":0.00117,"id":102},{"power_generation":16.704,"probability":0.00097,"id":103},{"power_generation":7.47,"probability":0.00122,"id":104},{"power_generation":11.538,"probability":0.00095,"id":105},{"power_generation":0.378,"probability":0.00104,"id":106},{"power_generation":6.263999999999999,"probability":0.00101,"id":107},{"power_generation":0.6839999999999999,"probability":0.00101,"id":108},{"power_generation":3.69,"probability":0.00096,"id":109},{"power_generation":10.187999999999999,"probability":0.00113,"id":110},{"power_generation":9.828000000000001,"probability":0.00128,"id":111},{"power_generation":11.97,"probability":0.00102,"id":112},{"power_generation":13.374,"probability":0.00122,"id":113},{"power_generation":4.086,"probability":0.0012,"id":114},{"power_generation":16.236,"probability":0.00105,"id":115},{"power_generation":11.142,"probability":0.00101,"id":116},{"power_generation":3.2039999999999997,"probability":0.001,"id":117},{"power_generation":12.168000000000001,"probability":0.00106,"id":118},{"power_generation":11.394,"probability":0.0011,"id":119},{"power_generation":10.223999999999998,"probability":0.00118,"id":120},{"power_generation":6.497999999999999,"probability":0.00101,"id":121},{"power_generation":11.934000000000001,"probability":0.00118,"id":122},{"power_generation":14.706,"probability":0.00101,"id":123},{"power_generation":9.468,"probability":0.001,"id":124},{"power_generation":15.408,"probability":0.00104,"id":125},{"power_generation":7.4159999999999995,"probability":0.00108,"id":126},{"power_generation":6.84,"probability":0.00101,"id":127},{"power_generation":0.19799999999999998,"probability":0.00092,"id":128},{"power_generation":11.016,"probability":0.00098,"id":129},{"power_generation":1.6019999999999999,"probability":0.00088,"id":130},{"power_generation":13.356,"probability":0.00092,"id":131},{"power_generation":14.094000000000001,"probability":0.00099,"id":132},{"power_generation":8.928,"probability":0.00128,"id":133},{"power_generation":11.952,"probability":0.00102,"id":134},{"power_generation":15.948,"probability":0.00106,"id":135},{"power_generation":1.638,"probability":0.00087,"id":136},{"power_generation":6.0840000000000005,"probability":0.00085,"id":137},{"power_generation":7.6499999999999995,"probability":0.00102,"id":138},{"power_generation":1.116,"probability":0.00092,"id":139},{"power_generation":13.302,"probability":0.0011,"id":140},{"power_generation":5.8500000000000005,"probability":0.00084,"id":141},{"power_generation":7.038,"probability":0.00094,"id":142},{"power_generation":8.532,"probability":0.00107,"id":143},{"power_generation":1.89,"probability":0.00095,"id":144},{"power_generation":6.894,"probability":0.00112,"id":145},{"power_generation":2.214,"probability":0.00109,"id":146},{"power_generation":12.024000000000001,"probability":0.00102,"id":147},{"power_generation":4.86,"probability":0.00099,"id":148},{"power_generation":8.549999999999999,"probability":0.00095,"id":149},{"power_generation":3.42,"probability":0.00101,"id":150},{"power_generation":13.5,"probability":0.00097,"id":151},{"power_generation":2.88,"probability":0.00102,"id":152},{"power_generation":10.728,"probability":0.00099,"id":153},{"power_generation":17.028,"probability":0.00117,"id":154},{"power_generation":15.299999999999999,"probability":0.00115,"id":155},{"power_generation":3.348,"probability":0.00117,"id":156},{"power_generation":15.588,"probability":0.0009,"id":157},{"power_generation":3.276,"probability":0.00086,"id":158},{"power_generation":4.788,"probability":0.001,"id":159},{"power_generation":7.290000000000001,"probability":0.00107,"id":160},{"power_generation":9.450000000000001,"probability":0.00097,"id":161},{"power_generation":6.516,"probability":0.00094,"id":162},{"power_generation":17.189999999999998,"probability":0.00102,"id":163},{"power_generation":8.514,"probability":0.00124,"id":164},{"power_generation":1.908,"probability":0.00105,"id":165},{"power_generation":13.950000000000001,"probability":0.00139,"id":166},{"power_generation":14.957999999999998,"probability":0.00096,"id":167},{"power_generation":16.326,"probability":0.00113,"id":168},{"power_generation":7.686,"probability":0.00111,"id":169},{"power_generation":1.5659999999999998,"probability":0.00097,"id":170},{"power_generation":11.358,"probability":0.00089,"id":171},{"power_generation":10.602,"probability":0.00095,"id":172},{"power_generation":12.402,"probability":0.00103,"id":173},{"power_generation":16.506,"probability":0.00104,"id":174},{"power_generation":17.082,"probability":0.00106,"id":175},{"power_generation":16.47,"probability":0.00105,"id":176},{"power_generation":5.94,"probability":0.00118,"id":177},{"power_generation":11.196,"probability":0.00104,"id":178},{"power_generation":1.512,"probability":0.00087,"id":179},{"power_generation":2.34,"probability":0.00081,"id":180},{"power_generation":15.516,"probability":0.001,"id":181},{"power_generation":16.074,"probability":0.00084,"id":182},{"power_generation":8.208,"probability":0.00115,"id":183},{"power_generation":3.798,"probability":0.00104,"id":184},{"power_generation":7.505999999999999,"probability":0.00101,"id":185},{"power_generation":14.274000000000001,"probability":0.00097,"id":186},{"power_generation":11.826,"probability":0.00137,"id":187},{"power_generation":5.832,"probability":0.00114,"id":188},{"power_generation":11.898,"probability":0.00109,"id":189},{"power_generation":7.884,"probability":0.00105,"id":190},{"power_generation":16.848000000000003,"probability":0.00098,"id":191},{"power_generation":5.562,"probability":0.00112,"id":192},{"power_generation":13.32,"probability":0.00118,"id":193},{"power_generation":13.734,"probability":0.00115,"id":194},{"power_generation":6.8580000000000005,"probability":0.00097,"id":195},{"power_generation":17.802,"probability":0.00096,"id":196},{"power_generation":6.2459999999999996,"probability":0.00112,"id":197},{"power_generation":9.072,"probability":0.00109,"id":198},{"power_generation":2.952,"probability":0.00084,"id":199},{"power_generation":0.7739999999999999,"probability":0.00092,"id":200},{"power_generation":2.412,"probability":0.00093,"id":201},{"power_generation":7.848,"probability":0.00116,"id":202},{"power_generation":10.854,"probability":0.00091,"id":203},{"power_generation":2.826,"probability":0.001,"id":204},{"power_generation":7.812,"probability":0.00077,"id":205},{"power_generation":1.782,"probability":0.00105,"id":206},{"power_generation":9.144,"probability":0.00118,"id":207},{"power_generation":17.37,"probability":0.001,"id":208},{"power_generation":12.330000000000002,"probability":0.00112,"id":209},{"power_generation":9.396,"probability":0.00109,"id":210},{"power_generation":14.022,"probability":0.00088,"id":211},{"power_generation":8.046,"probability":0.00102,"id":212},{"power_generation":8.783999999999999,"probability":0.00103,"id":213},{"power_generation":9.126,"probability":0.00097,"id":214},{"power_generation":15.138,"probability":0.00103,"id":215},{"power_generation":2.5020000000000002,"probability":0.00089,"id":216},{"power_generation":9.882000000000001,"probability":0.00091,"id":217},{"power_generation":11.16,"probability":0.00096,"id":218},{"power_generation":6.768,"probability":0.00105,"id":219},{"power_generation":0.9359999999999999,"probability":0.0009,"id":220},{"power_generation":7.74,"probability":0.0011,"id":221},{"power_generation":8.334,"probability":0.00121,"id":222},{"power_generation":11.88,"probability":0.001,"id":223},{"power_generation":8.01,"probability":0.00104,"id":224},{"power_generation":11.448,"probability":0.001,"id":225},{"power_generation":15.66,"probability":0.00108,"id":226},{"power_generation":17.46,"probability":0.00104,"id":227},{"power_generation":9.594000000000001,"probability":0.00102,"id":228},{"power_generation":9.522,"probability":0.00124,"id":229},{"power_generation":4.338,"probability":0.00091,"id":230},{"power_generation":9.054,"probability":0.00106,"id":231},{"power_generation":1.8,"probability":0.00096,"id":232},{"power_generation":13.59,"probability":0.00107,"id":233},{"power_generation":0.864,"probability":0.00089,"id":234},{"power_generation":9.36,"probability":0.00092,"id":235},{"power_generation":6.426,"probability":0.00119,"id":236},{"power_generation":16.956,"probability":0.00089,"id":237},{"power_generation":16.578,"probability":0.00105,"id":238},{"power_generation":4.7700000000000005,"probability":0.00118,"id":239},{"power_generation":3.96,"probability":0.00121,"id":240},{"power_generation":5.274,"probability":0.00089,"id":241},{"power_generation":4.896000000000001,"probability":0.00101,"id":242},{"power_generation":12.114,"probability":0.00113,"id":243},{"power_generation":3.888,"probability":0.00097,"id":244},{"power_generation":15.426,"probability":0.00084,"id":245},{"power_generation":12.276000000000002,"probability":0.001,"id":246},{"power_generation":0.39599999999999996,"probability":0.00106,"id":247},{"power_generation":17.622,"probability":0.00098,"id":248},{"power_generation":9.666,"probability":0.00095,"id":249},{"power_generation":0.07200000000000001,"probability":0.00094,"id":250},{"power_generation":10.638,"probability":0.00106,"id":251},{"power_generation":3.294,"probability":0.00085,"id":252},{"power_generation":6.209999999999999,"probability":0.00082,"id":253},{"power_generation":11.556000000000001,"probability":0.0011,"id":254},{"power_generation":10.331999999999999,"probability":0.00123,"id":255},{"power_generation":14.867999999999999,"probability":0.00095,"id":256},{"power_generation":7.433999999999999,"probability":0.00094,"id":257},{"power_generation":7.398,"probability":0.00092,"id":258},{"power_generation":11.502,"probability":0.00092,"id":259},{"power_generation":5.526,"probability":0.00094,"id":260},{"power_generation":9.108,"probability":0.00117,"id":261},{"power_generation":7.2,"probability":0.00093,"id":262},{"power_generation":6.66,"probability":0.00108,"id":263},{"power_generation":14.472000000000001,"probability":0.00083,"id":264},{"power_generation":7.2540000000000004,"probability":0.0009,"id":265},{"power_generation":0.6300000000000001,"probability":0.00094,"id":266},{"power_generation":1.2779999999999998,"probability":0.00087,"id":267},{"power_generation":4.986000000000001,"probability":0.00093,"id":268},{"power_generation":6.228,"probability":0.001,"id":269},{"power_generation":6.804,"probability":0.00112,"id":270},{"power_generation":4.518,"probability":0.00092,"id":271},{"power_generation":5.2379999999999995,"probability":0.00105,"id":272},{"power_generation":16.901999999999997,"probability":0.00109,"id":273},{"power_generation":17.658,"probability":0.00105,"id":274},{"power_generation":17.604,"probability":0.00099,"id":275},{"power_generation":0.7919999999999999,"probability":0.00098,"id":276},{"power_generation":1.962,"probability":0.0009,"id":277},{"power_generation":3.33,"probability":0.00089,"id":278},{"power_generation":3.834,"probability":0.00104,"id":279},{"power_generation":15.498,"probability":0.00117,"id":280},{"power_generation":1.3499999999999999,"probability":0.00092,"id":281},{"power_generation":15.876,"probability":0.00097,"id":282},{"power_generation":16.812,"probability":0.00109,"id":283},{"power_generation":2.3040000000000003,"probability":0.00083,"id":284},{"power_generation":15.804,"probability":0.00089,"id":285},{"power_generation":4.032,"probability":0.00108,"id":286},{"power_generation":2.898,"probability":0.00096,"id":287},{"power_generation":15.642,"probability":0.00091,"id":288},{"power_generation":10.386,"probability":0.00118,"id":289},{"power_generation":12.312000000000001,"probability":0.00102,"id":290},{"power_generation":11.628,"probability":0.0011,"id":291},{"power_generation":15.533999999999999,"probability":0.00104,"id":292},{"power_generation":8.856,"probability":0.00105,"id":293},{"power_generation":5.058000000000001,"probability":0.00107,"id":294},{"power_generation":8.676,"probability":0.00086,"id":295},{"power_generation":9.954,"probability":0.00103,"id":296},{"power_generation":10.367999999999999,"probability":0.00102,"id":297},{"power_generation":3.7439999999999998,"probability":0.00093,"id":298},{"power_generation":6.966,"probability":0.00085,"id":299},{"power_generation":7.308000000000001,"probability":0.00113,"id":300},{"power_generation":10.296,"probability":0.00112,"id":301},{"power_generation":2.088,"probability":0.00112,"id":302},{"power_generation":6.335999999999999,"probability":0.0009,"id":303},{"power_generation":2.682,"probability":0.00091,"id":304},{"power_generation":7.83,"probability":0.00106,"id":305},{"power_generation":11.412,"probability":0.00117,"id":306},{"power_generation":2.1239999999999997,"probability":0.00114,"id":307},{"power_generation":3.924,"probability":0.00107,"id":308},{"power_generation":8.91,"probability":0.0011,"id":309},{"power_generation":12.042000000000002,"probability":0.00129,"id":310},{"power_generation":13.212,"probability":0.00116,"id":311},{"power_generation":7.758,"probability":0.00127,"id":312},{"power_generation":7.974,"probability":0.00099,"id":313},{"power_generation":15.552,"probability":0.001,"id":314},{"power_generation":9.558,"probability":0.00105,"id":315},{"power_generation":8.118,"probability":0.00096,"id":316},{"power_generation":9.918000000000001,"probability":0.00086,"id":317},{"power_generation":13.986,"probability":0.00113,"id":318},{"power_generation":5.706,"probability":0.00115,"id":319},{"power_generation":12.366000000000001,"probability":0.00133,"id":320},{"power_generation":7.182,"probability":0.00095,"id":321},{"power_generation":11.178,"probability":0.00116,"id":322},{"power_generation":3.5100000000000002,"probability":0.00079,"id":323},{"power_generation":4.356,"probability":0.00093,"id":324},{"power_generation":14.544,"probability":0.00128,"id":325},{"power_generation":16.146,"probability":0.00104,"id":326},{"power_generation":6.372,"probability":0.00109,"id":327},{"power_generation":15.264,"probability":0.001,"id":328},{"power_generation":17.712,"probability":0.00103,"id":329},{"power_generation":1.458,"probability":0.00104,"id":330},{"power_generation":8.946,"probability":0.00121,"id":331},{"power_generation":15.336,"probability":0.001,"id":332},{"power_generation":17.352,"probability":0.001,"id":333},{"power_generation":11.484,"probability":0.0009,"id":334},{"power_generation":9.216000000000001,"probability":0.00089,"id":335},{"power_generation":0.972,"probability":0.00093,"id":336},{"power_generation":1.2240000000000002,"probability":0.00084,"id":337},{"power_generation":10.511999999999999,"probability":0.00098,"id":338},{"power_generation":14.598,"probability":0.00101,"id":339},{"power_generation":9.936,"probability":0.00127,"id":340},{"power_generation":0.9179999999999999,"probability":0.00096,"id":341},{"power_generation":15.768,"probability":0.00097,"id":342},{"power_generation":2.844,"probability":0.00105,"id":343},{"power_generation":16.362000000000002,"probability":0.00102,"id":344},{"power_generation":4.122,"probability":0.00093,"id":345},{"power_generation":16.164,"probability":0.001,"id":346},{"power_generation":2.97,"probability":0.00101,"id":347},{"power_generation":3.366,"probability":0.00105,"id":348},{"power_generation":7.92,"probability":0.00103,"id":349},{"power_generation":6.75,"probability":0.00096,"id":350},{"power_generation":12.959999999999999,"probability":0.00106,"id":351},{"power_generation":6.102,"probability":0.00093,"id":352},{"power_generation":15.065999999999999,"probability":0.00091,"id":353},{"power_generation":4.536,"probability":0.00104,"id":354},{"power_generation":3.492,"probability":0.00094,"id":355},{"power_generation":13.626,"probability":0.00108,"id":356},{"power_generation":15.048,"probability":0.00106,"id":357},{"power_generation":5.0040000000000004,"probability":0.00109,"id":358},{"power_generation":4.3919999999999995,"probability":0.00096,"id":359},{"power_generation":15.786,"probability":0.00093,"id":360},{"power_generation":10.818,"probability":0.00088,"id":361},{"power_generation":5.22,"probability":0.00093,"id":362},{"power_generation":3.906,"probability":0.00096,"id":363},{"power_generation":4.05,"probability":0.00103,"id":364},{"power_generation":9.306000000000001,"probability":0.00108,"id":365},{"power_generation":11.304,"probability":0.00107,"id":366},{"power_generation":2.1959999999999997,"probability":0.00105,"id":367},{"power_generation":2.718,"probability":0.00096,"id":368},{"power_generation":0.738,"probability":0.001,"id":369},{"power_generation":16.542,"probability":0.00101,"id":370},{"power_generation":5.796,"probability":0.00111,"id":371},{"power_generation":13.032,"probability":0.00108,"id":372},{"power_generation":12.06,"probability":0.00114,"id":373},{"power_generation":12.78,"probability":0.00095,"id":374},{"power_generation":5.958,"probability":0.00103,"id":375},{"power_generation":17.387999999999998,"probability":0.00105,"id":376},{"power_generation":8.495999999999999,"probability":0.00088,"id":377},{"power_generation":17.532,"probability":0.00098,"id":378},{"power_generation":16.128,"probability":0.00118,"id":379},{"power_generation":1.044,"probability":0.00093,"id":380},{"power_generation":14.436,"probability":0.0012,"id":381},{"power_generation":13.68,"probability":0.001,"id":382},{"power_generation":15.155999999999999,"probability":0.001,"id":383},{"power_generation":6.12,"probability":0.00095,"id":384},{"power_generation":6.588,"probability":0.00096,"id":385},{"power_generation":11.34,"probability":0.00086,"id":386},{"power_generation":15.678,"probability":0.0007,"id":387},{"power_generation":5.544,"probability":0.00108,"id":388},{"power_generation":3.474,"probability":0.00106,"id":389},{"power_generation":15.966000000000001,"probability":0.00107,"id":390},{"power_generation":9.864,"probability":0.00103,"id":391},{"power_generation":7.704,"probability":0.00108,"id":392},{"power_generation":12.798,"probability":0.00107,"id":393},{"power_generation":1.1880000000000002,"probability":0.00095,"id":394},{"power_generation":1.3139999999999998,"probability":0.00092,"id":395},{"power_generation":1.926,"probability":0.00083,"id":396},{"power_generation":1.8719999999999999,"probability":0.00084,"id":397},{"power_generation":10.116000000000001,"probability":0.00115,"id":398},{"power_generation":7.7219999999999995,"probability":0.00088,"id":399},{"power_generation":2.016,"probability":0.00097,"id":400},{"power_generation":17.964,"probability":0.0008,"id":401},{"power_generation":14.328000000000001,"probability":0.00099,"id":402},{"power_generation":9.378,"probability":0.00109,"id":403},{"power_generation":14.85,"probability":0.001,"id":404},{"power_generation":1.17,"probability":0.00071,"id":405},{"power_generation":6.912,"probability":0.0011,"id":406},{"power_generation":14.616000000000001,"probability":0.00099,"id":407},{"power_generation":2.484,"probability":0.00104,"id":408},{"power_generation":7.614,"probability":0.00117,"id":409},{"power_generation":7.218,"probability":0.00106,"id":410},{"power_generation":5.742,"probability":0.0012,"id":411},{"power_generation":13.752,"probability":0.00105,"id":412},{"power_generation":14.49,"probability":0.00083,"id":413},{"power_generation":0.72,"probability":0.00084,"id":414},{"power_generation":8.172,"probability":0.00106,"id":415},{"power_generation":3.438,"probability":0.00105,"id":416},{"power_generation":5.040000000000001,"probability":0.00111,"id":417},{"power_generation":6.534,"probability":0.00101,"id":418},{"power_generation":7.361999999999999,"probability":0.00101,"id":419},{"power_generation":17.856,"probability":0.00088,"id":420},{"power_generation":1.026,"probability":0.00096,"id":421},{"power_generation":5.67,"probability":0.00072,"id":422},{"power_generation":14.921999999999999,"probability":0.00093,"id":423},{"power_generation":8.766,"probability":0.00098,"id":424},{"power_generation":15.39,"probability":0.00086,"id":425},{"power_generation":4.752000000000001,"probability":0.00103,"id":426},{"power_generation":17.694,"probability":0.00093,"id":427},{"power_generation":7.992,"probability":0.00107,"id":428},{"power_generation":10.475999999999999,"probability":0.00099,"id":429},{"power_generation":8.388,"probability":0.00112,"id":430},{"power_generation":10.98,"probability":0.00102,"id":431},{"power_generation":1.71,"probability":0.00091,"id":432},{"power_generation":15.174,"probability":0.00106,"id":433},{"power_generation":13.878,"probability":0.00097,"id":434},{"power_generation":16.596,"probability":0.00103,"id":435},{"power_generation":3.564,"probability":0.00087,"id":436},{"power_generation":6.3,"probability":0.00109,"id":437},{"power_generation":10.080000000000002,"probability":0.00114,"id":438},{"power_generation":14.238000000000001,"probability":0.00101,"id":439},{"power_generation":0.018000000000000002,"probability":0.00086,"id":440},{"power_generation":5.346,"probability":0.00076,"id":441},{"power_generation":5.076,"probability":0.00095,"id":442},{"power_generation":10.26,"probability":0.00127,"id":443},{"power_generation":1.008,"probability":0.00082,"id":444},{"power_generation":5.202,"probability":0.00095,"id":445},{"power_generation":9.288,"probability":0.00103,"id":446},{"power_generation":14.886,"probability":0.00095,"id":447},{"power_generation":4.8420000000000005,"probability":0.00108,"id":448},{"power_generation":14.112,"probability":0.00091,"id":449},{"power_generation":17.046,"probability":0.00092,"id":450},{"power_generation":5.31,"probability":0.00093,"id":451},{"power_generation":5.255999999999999,"probability":0.00104,"id":452},{"power_generation":16.452,"probability":0.00105,"id":453},{"power_generation":9.162,"probability":0.00101,"id":454},{"power_generation":12.437999999999999,"probability":0.00113,"id":455},{"power_generation":13.014,"probability":0.00094,"id":456},{"power_generation":0.414,"probability":0.00083,"id":457},{"power_generation":13.23,"probability":0.00129,"id":458},{"power_generation":2.232,"probability":0.00098,"id":459},{"power_generation":3.852,"probability":0.00092,"id":460},{"power_generation":8.028,"probability":0.00108,"id":461},{"power_generation":7.902,"probability":0.00115,"id":462},{"power_generation":11.574,"probability":0.001,"id":463},{"power_generation":1.746,"probability":0.0008,"id":464},{"power_generation":16.866,"probability":0.00081,"id":465},{"power_generation":4.68,"probability":0.00101,"id":466},{"power_generation":2.79,"probability":0.00102,"id":467},{"power_generation":11.232,"probability":0.00114,"id":468},{"power_generation":16.254,"probability":0.00108,"id":469},{"power_generation":4.968,"probability":0.00091,"id":470},{"power_generation":12.473999999999998,"probability":0.00099,"id":471},{"power_generation":3.6180000000000003,"probability":0.00087,"id":472},{"power_generation":8.964,"probability":0.00104,"id":473},{"power_generation":13.86,"probability":0.00113,"id":474},{"power_generation":7.794,"probability":0.00093,"id":475},{"power_generation":14.723999999999998,"probability":0.00104,"id":476},{"power_generation":10.241999999999999,"probability":0.00111,"id":477},{"power_generation":5.382,"probability":0.00093,"id":478},{"power_generation":14.669999999999998,"probability":0.00113,"id":479},{"power_generation":5.111999999999999,"probability":0.00106,"id":480},{"power_generation":16.038,"probability":0.00091,"id":481},{"power_generation":10.872,"probability":0.00121,"id":482},{"power_generation":15.732,"probability":0.00103,"id":483},{"power_generation":5.652,"probability":0.00094,"id":484},{"power_generation":17.784,"probability":0.00093,"id":485},{"power_generation":11.376,"probability":0.0011,"id":486},{"power_generation":10.53,"probability":0.00095,"id":487},{"power_generation":7.128,"probability":0.001,"id":488},{"power_generation":0.54,"probability":0.00081,"id":489},{"power_generation":3.06,"probability":0.00104,"id":490},{"power_generation":7.38,"probability":0.00105,"id":491},{"power_generation":13.896,"probability":0.00106,"id":492},{"power_generation":8.154,"probability":0.00102,"id":493},{"power_generation":10.044,"probability":0.001,"id":494},{"power_generation":14.741999999999999,"probability":0.00096,"id":495},{"power_generation":3.6,"probability":0.00088,"id":496},{"power_generation":7.056,"probability":0.001,"id":497},{"power_generation":8.64,"probability":0.00099,"id":498},{"power_generation":8.712,"probability":0.00103,"id":499},{"power_generation":12.942,"probability":0.00088,"id":500},{"power_generation":17.586,"probability":0.00098,"id":501},{"power_generation":16.686,"probability":0.00098,"id":502},{"power_generation":15.354,"probability":0.00095,"id":503},{"power_generation":5.183999999999999,"probability":0.00102,"id":504},{"power_generation":8.693999999999999,"probability":0.0011,"id":505},{"power_generation":4.32,"probability":0.0007,"id":506},{"power_generation":1.98,"probability":0.00106,"id":507},{"power_generation":17.442,"probability":0.00096,"id":508},{"power_generation":1.44,"probability":0.0008,"id":509},{"power_generation":4.95,"probability":0.00105,"id":510},{"power_generation":14.184000000000001,"probability":0.00097,"id":511},{"power_generation":11.592,"probability":0.00097,"id":512},{"power_generation":8.586,"probability":0.00097,"id":513},{"power_generation":14.580000000000002,"probability":0.00101,"id":514},{"power_generation":0.16199999999999998,"probability":0.00076,"id":515},{"power_generation":0.702,"probability":0.00088,"id":516},{"power_generation":12.186,"probability":0.00102,"id":517},{"power_generation":3.5820000000000003,"probability":0.00105,"id":518},{"power_generation":1.206,"probability":0.00092,"id":519},{"power_generation":16.776,"probability":0.00094,"id":520},{"power_generation":6.444,"probability":0.00089,"id":521},{"power_generation":9.09,"probability":0.00115,"id":522},{"power_generation":10.998,"probability":0.001,"id":523},{"power_generation":15.102,"probability":0.00078,"id":524},{"power_generation":3.816,"probability":0.00078,"id":525},{"power_generation":4.428,"probability":0.00092,"id":526},{"power_generation":15.858,"probability":0.00095,"id":527},{"power_generation":13.068,"probability":0.00097,"id":528},{"power_generation":15.245999999999999,"probability":0.00099,"id":529},{"power_generation":10.745999999999999,"probability":0.00114,"id":530},{"power_generation":8.604,"probability":0.00094,"id":531},{"power_generation":2.988,"probability":0.00093,"id":532},{"power_generation":17.514,"probability":0.00099,"id":533},{"power_generation":16.740000000000002,"probability":0.00083,"id":534},{"power_generation":17.73,"probability":0.00087,"id":535},{"power_generation":18.0,"probability":0.00044,"id":536},{"power_generation":13.158,"probability":0.00091,"id":537},{"power_generation":4.698,"probability":0.00099,"id":538},{"power_generation":16.758000000000003,"probability":0.00085,"id":539},{"power_generation":12.761999999999999,"probability":0.00109,"id":540},{"power_generation":17.154,"probability":0.001,"id":541},{"power_generation":5.922000000000001,"probability":0.00104,"id":542},{"power_generation":13.193999999999999,"probability":0.00083,"id":543},{"power_generation":13.536,"probability":0.0011,"id":544},{"power_generation":6.552,"probability":0.00085,"id":545},{"power_generation":8.262,"probability":0.00105,"id":546},{"power_generation":13.482,"probability":0.00099,"id":547},{"power_generation":12.654,"probability":0.00106,"id":548},{"power_generation":7.596,"probability":0.00108,"id":549},{"power_generation":16.614,"probability":0.00109,"id":550},{"power_generation":1.8359999999999999,"probability":0.00088,"id":551},{"power_generation":16.938,"probability":0.00094,"id":552},{"power_generation":6.0120000000000005,"probability":0.00114,"id":553},{"power_generation":0.522,"probability":0.00099,"id":554},{"power_generation":5.418,"probability":0.00093,"id":555},{"power_generation":9.018,"probability":0.00097,"id":556},{"power_generation":6.066000000000001,"probability":0.00099,"id":557},{"power_generation":16.092,"probability":0.001,"id":558},{"power_generation":2.934,"probability":0.00116,"id":559},{"power_generation":8.424000000000001,"probability":0.00092,"id":560},{"power_generation":6.678,"probability":0.00099,"id":561},{"power_generation":7.272,"probability":0.00112,"id":562},{"power_generation":13.283999999999999,"probability":0.00106,"id":563},{"power_generation":4.247999999999999,"probability":0.0011,"id":564},{"power_generation":12.6,"probability":0.00093,"id":565},{"power_generation":10.421999999999999,"probability":0.00092,"id":566},{"power_generation":2.358,"probability":0.00103,"id":567},{"power_generation":5.093999999999999,"probability":0.00089,"id":568},{"power_generation":2.538,"probability":0.00105,"id":569},{"power_generation":8.244,"probability":0.00086,"id":570},{"power_generation":10.764,"probability":0.00129,"id":571},{"power_generation":11.61,"probability":0.00088,"id":572},{"power_generation":3.384,"probability":0.00105,"id":573},{"power_generation":0.558,"probability":0.00092,"id":574},{"power_generation":11.124,"probability":0.00099,"id":575},{"power_generation":6.191999999999999,"probability":0.00074,"id":576},{"power_generation":16.218,"probability":0.00101,"id":577},{"power_generation":7.146000000000001,"probability":0.001,"id":578},{"power_generation":9.036,"probability":0.00104,"id":579},{"power_generation":16.308,"probability":0.00101,"id":580},{"power_generation":2.754,"probability":0.00088,"id":581},{"power_generation":14.814,"probability":0.0011,"id":582},{"power_generation":2.142,"probability":0.001,"id":583},{"power_generation":3.312,"probability":0.00118,"id":584},{"power_generation":17.892,"probability":0.00104,"id":585},{"power_generation":7.343999999999999,"probability":0.00122,"id":586},{"power_generation":11.862,"probability":0.00093,"id":587},{"power_generation":14.22,"probability":0.00093,"id":588},{"power_generation":15.912,"probability":0.00102,"id":589},{"power_generation":2.574,"probability":0.00103,"id":590},{"power_generation":1.818,"probability":0.0009,"id":591},{"power_generation":13.572,"probability":0.00085,"id":592},{"power_generation":10.674,"probability":0.00096,"id":593},{"power_generation":3.7079999999999997,"probability":0.00106,"id":594},{"power_generation":0.18,"probability":0.00083,"id":595},{"power_generation":1.2600000000000002,"probability":0.00084,"id":596},{"power_generation":9.63,"probability":0.00103,"id":597},{"power_generation":16.632,"probability":0.001,"id":598},{"power_generation":10.62,"probability":0.00089,"id":599},{"power_generation":8.73,"probability":0.00099,"id":600},{"power_generation":6.624,"probability":0.00114,"id":601},{"power_generation":7.164000000000001,"probability":0.00095,"id":602},{"power_generation":10.799999999999999,"probability":0.00099,"id":603},{"power_generation":16.344,"probability":0.00089,"id":604},{"power_generation":14.796,"probability":0.00097,"id":605},{"power_generation":6.318,"probability":0.00111,"id":606},{"power_generation":11.772,"probability":0.00098,"id":607},{"power_generation":9.27,"probability":0.00104,"id":608},{"power_generation":9.774000000000001,"probability":0.00108,"id":609},{"power_generation":4.266,"probability":0.00111,"id":610},{"power_generation":17.496,"probability":0.00092,"id":611},{"power_generation":10.457999999999998,"probability":0.00118,"id":612},{"power_generation":12.995999999999999,"probability":0.00107,"id":613},{"power_generation":8.136000000000001,"probability":0.00104,"id":614},{"power_generation":1.656,"probability":0.00083,"id":615},{"power_generation":4.734,"probability":0.00097,"id":616},{"power_generation":10.35,"probability":0.00108,"id":617},{"power_generation":14.831999999999999,"probability":0.00092,"id":618},{"power_generation":10.926,"probability":0.00107,"id":619},{"power_generation":4.284,"probability":0.00089,"id":620},{"power_generation":5.022,"probability":0.00102,"id":621},{"power_generation":0.14400000000000002,"probability":0.00073,"id":622},{"power_generation":14.418000000000001,"probability":0.00105,"id":623},{"power_generation":2.772,"probability":0.00086,"id":624},{"power_generation":16.991999999999997,"probability":0.00113,"id":625},{"power_generation":5.724,"probability":0.00085,"id":626},{"power_generation":13.248,"probability":0.0012,"id":627},{"power_generation":6.732,"probability":0.00127,"id":628},{"power_generation":6.696,"probability":0.00107,"id":629},{"power_generation":4.140000000000001,"probability":0.00097,"id":630},{"power_generation":9.846,"probability":0.00102,"id":631},{"power_generation":9.432,"probability":0.00095,"id":632},{"power_generation":13.464,"probability":0.00109,"id":633},{"power_generation":2.4480000000000004,"probability":0.00091,"id":634},{"power_generation":13.049999999999999,"probability":0.00099,"id":635},{"power_generation":8.1,"probability":0.0009,"id":636},{"power_generation":4.5,"probability":0.00104,"id":637},{"power_generation":0.0,"probability":0.0004,"id":638},{"power_generation":8.622,"probability":0.00104,"id":639},{"power_generation":3.0060000000000002,"probability":0.00108,"id":640},{"power_generation":7.002000000000001,"probability":0.00104,"id":641},{"power_generation":17.208,"probability":0.00095,"id":642},{"power_generation":8.568,"probability":0.00101,"id":643},{"power_generation":6.714,"probability":0.00098,"id":644},{"power_generation":0.36,"probability":0.00096,"id":645},{"power_generation":8.370000000000001,"probability":0.00083,"id":646},{"power_generation":12.419999999999998,"probability":0.00116,"id":647},{"power_generation":6.156000000000001,"probability":0.00088,"id":648},{"power_generation":0.504,"probability":0.00089,"id":649},{"power_generation":13.14,"probability":0.00091,"id":650},{"power_generation":0.30600000000000005,"probability":0.00088,"id":651},{"power_generation":6.822,"probability":0.001,"id":652},{"power_generation":8.406,"probability":0.00103,"id":653},{"power_generation":1.728,"probability":0.00112,"id":654},{"power_generation":4.0680000000000005,"probability":0.00096,"id":655},{"power_generation":4.482,"probability":0.00102,"id":656},{"power_generation":5.364,"probability":0.00106,"id":657},{"power_generation":0.036000000000000004,"probability":0.00099,"id":658},{"power_generation":2.6999999999999997,"probability":0.00088,"id":659},{"power_generation":11.07,"probability":0.00088,"id":660},{"power_generation":4.644,"probability":0.00097,"id":661},{"power_generation":11.700000000000001,"probability":0.00107,"id":662},{"power_generation":1.692,"probability":0.00106,"id":663},{"power_generation":3.222,"probability":0.0008,"id":664},{"power_generation":17.55,"probability":0.00104,"id":665},{"power_generation":14.76,"probability":0.00098,"id":666},{"power_generation":0.252,"probability":0.00076,"id":667},{"power_generation":2.7359999999999998,"probability":0.00104,"id":668},{"power_generation":12.348,"probability":0.00095,"id":669},{"power_generation":0.45,"probability":0.00095,"id":670},{"power_generation":2.394,"probability":0.00089,"id":671},{"power_generation":2.916,"probability":0.00096,"id":672},{"power_generation":12.527999999999999,"probability":0.00104,"id":673},{"power_generation":0.09,"probability":0.00091,"id":674},{"power_generation":13.266,"probability":0.00102,"id":675},{"power_generation":0.954,"probability":0.0009,"id":676},{"power_generation":6.984,"probability":0.00105,"id":677},{"power_generation":9.72,"probability":0.00093,"id":678},{"power_generation":9.612,"probability":0.00089,"id":679},{"power_generation":10.277999999999999,"probability":0.001,"id":680},{"power_generation":12.744,"probability":0.0009,"id":681},{"power_generation":9.972000000000001,"probability":0.001,"id":682},{"power_generation":10.133999999999999,"probability":0.00119,"id":683},{"power_generation":0.8099999999999999,"probability":0.00104,"id":684},{"power_generation":4.158,"probability":0.00078,"id":685},{"power_generation":14.364,"probability":0.00112,"id":686},{"power_generation":17.009999999999998,"probability":0.00102,"id":687},{"power_generation":0.9,"probability":0.00085,"id":688},{"power_generation":1.242,"probability":0.00099,"id":689},{"power_generation":5.616,"probability":0.00105,"id":690},{"power_generation":5.327999999999999,"probability":0.00099,"id":691},{"power_generation":13.122,"probability":0.00088,"id":692},{"power_generation":13.41,"probability":0.00102,"id":693},{"power_generation":4.464,"probability":0.00117,"id":694},{"power_generation":1.764,"probability":0.00078,"id":695},{"power_generation":0.432,"probability":0.00081,"id":696},{"power_generation":5.3999999999999995,"probability":0.001,"id":697},{"power_generation":16.416,"probability":0.00095,"id":698},{"power_generation":16.650000000000002,"probability":0.00095,"id":699},{"power_generation":8.874,"probability":0.00116,"id":700},{"power_generation":3.942,"probability":0.00102,"id":701},{"power_generation":4.572,"probability":0.00096,"id":702},{"power_generation":2.5919999999999996,"probability":0.00088,"id":703},{"power_generation":12.815999999999999,"probability":0.00115,"id":704},{"power_generation":17.064,"probability":0.00096,"id":705},{"power_generation":17.334,"probability":0.00123,"id":706},{"power_generation":17.766,"probability":0.00079,"id":707},{"power_generation":4.878,"probability":0.00099,"id":708},{"power_generation":9.198,"probability":0.00113,"id":709},{"power_generation":0.5760000000000001,"probability":0.00099,"id":710},{"power_generation":14.904,"probability":0.00106,"id":711},{"power_generation":9.738000000000001,"probability":0.00102,"id":712},{"power_generation":12.564,"probability":0.00097,"id":713},{"power_generation":9.648,"probability":0.00116,"id":714},{"power_generation":16.272000000000002,"probability":0.00088,"id":715},{"power_generation":17.91,"probability":0.00111,"id":716},{"power_generation":7.0200000000000005,"probability":0.00124,"id":717},{"power_generation":11.214,"probability":0.00106,"id":718},{"power_generation":16.668,"probability":0.00105,"id":719},{"power_generation":0.32399999999999995,"probability":0.00077,"id":720},{"power_generation":11.286,"probability":0.00118,"id":721},{"power_generation":14.256,"probability":0.00087,"id":722},{"power_generation":4.824,"probability":0.00089,"id":723},{"power_generation":10.206,"probability":0.00096,"id":724},{"power_generation":2.5200000000000005,"probability":0.00092,"id":725},{"power_generation":12.491999999999999,"probability":0.00102,"id":726},{"power_generation":11.088,"probability":0.00114,"id":727},{"power_generation":7.452,"probability":0.00104,"id":728},{"power_generation":4.104,"probability":0.00102,"id":729},{"power_generation":4.626,"probability":0.00089,"id":730},{"power_generation":7.577999999999999,"probability":0.00093,"id":731},{"power_generation":11.718,"probability":0.0009,"id":732},{"power_generation":5.4719999999999995,"probability":0.00108,"id":733},{"power_generation":11.646,"probability":0.00102,"id":734},{"power_generation":15.03,"probability":0.00096,"id":735},{"power_generation":4.212000000000001,"probability":0.00094,"id":736},{"power_generation":10.404,"probability":0.00089,"id":737},{"power_generation":0.27,"probability":0.00098,"id":738},{"power_generation":9.756,"probability":0.00122,"id":739},{"power_generation":0.882,"probability":0.00081,"id":740},{"power_generation":17.172,"probability":0.00103,"id":741},{"power_generation":14.202,"probability":0.0011,"id":742},{"power_generation":6.03,"probability":0.00103,"id":743},{"power_generation":16.38,"probability":0.00093,"id":744},{"power_generation":8.19,"probability":0.00096,"id":745},{"power_generation":8.352,"probability":0.001,"id":746},{"power_generation":0.6120000000000001,"probability":0.00085,"id":747},{"power_generation":17.567999999999998,"probability":0.00092,"id":748},{"power_generation":15.984,"probability":0.00085,"id":749},{"power_generation":11.052,"probability":0.00105,"id":750},{"power_generation":14.508000000000001,"probability":0.00097,"id":751},{"power_generation":14.526000000000002,"probability":0.00089,"id":752},{"power_generation":12.617999999999999,"probability":0.00077,"id":753},{"power_generation":13.914,"probability":0.00104,"id":754},{"power_generation":11.754000000000001,"probability":0.00096,"id":755},{"power_generation":3.726,"probability":0.00102,"id":756},{"power_generation":5.1659999999999995,"probability":0.00095,"id":757},{"power_generation":17.316,"probability":0.00099,"id":758},{"power_generation":12.078000000000001,"probability":0.00096,"id":759},{"power_generation":3.456,"probability":0.00103,"id":760},{"power_generation":11.106,"probability":0.00088,"id":761},{"power_generation":7.0920000000000005,"probability":0.00113,"id":762},{"power_generation":17.118,"probability":0.001,"id":763},{"power_generation":4.932,"probability":0.00112,"id":764},{"power_generation":17.099999999999998,"probability":0.00081,"id":765},{"power_generation":3.402,"probability":0.00097,"id":766},{"power_generation":0.6479999999999999,"probability":0.00078,"id":767},{"power_generation":2.61,"probability":0.00091,"id":768},{"power_generation":1.494,"probability":0.00084,"id":769},{"power_generation":12.006,"probability":0.001,"id":770},{"power_generation":12.204,"probability":0.00103,"id":771},{"power_generation":1.386,"probability":0.00105,"id":772},{"power_generation":17.244,"probability":0.00097,"id":773},{"power_generation":14.004000000000001,"probability":0.00092,"id":774},{"power_generation":15.606,"probability":0.00098,"id":775},{"power_generation":5.814,"probability":0.001,"id":776},{"power_generation":1.674,"probability":0.00094,"id":777},{"power_generation":12.636,"probability":0.00103,"id":778},{"power_generation":4.6080000000000005,"probability":0.00102,"id":779},{"power_generation":1.476,"probability":0.00091,"id":780},{"power_generation":2.808,"probability":0.00101,"id":781},{"power_generation":17.424,"probability":0.00108,"id":782},{"power_generation":8.298,"probability":0.00099,"id":783},{"power_generation":14.562000000000001,"probability":0.00108,"id":784},{"power_generation":17.748,"probability":0.00108,"id":785},{"power_generation":1.944,"probability":0.001,"id":786},{"power_generation":14.4,"probability":0.00094,"id":787},{"power_generation":17.477999999999998,"probability":0.00091,"id":788},{"power_generation":2.178,"probability":0.00093,"id":789},{"power_generation":7.938,"probability":0.00099,"id":790},{"power_generation":1.2959999999999998,"probability":0.00096,"id":791},{"power_generation":13.554,"probability":0.00094,"id":792},{"power_generation":12.294,"probability":0.00102,"id":793},{"power_generation":6.93,"probability":0.00084,"id":794},{"power_generation":1.0619999999999998,"probability":0.00086,"id":795},{"power_generation":0.486,"probability":0.00087,"id":796},{"power_generation":8.064,"probability":0.00101,"id":797},{"power_generation":12.888,"probability":0.00093,"id":798},{"power_generation":13.662,"probability":0.00094,"id":799},{"power_generation":6.606,"probability":0.00102,"id":800},{"power_generation":9.18,"probability":0.00117,"id":801},{"power_generation":4.554,"probability":0.00102,"id":802},{"power_generation":5.976,"probability":0.00101,"id":803},{"power_generation":12.096,"probability":0.00102,"id":804},{"power_generation":9.99,"probability":0.00105,"id":805},{"power_generation":10.062000000000001,"probability":0.00104,"id":806},{"power_generation":8.748,"probability":0.00116,"id":807},{"power_generation":6.948,"probability":0.00104,"id":808},{"power_generation":6.57,"probability":0.00112,"id":809},{"power_generation":1.5479999999999998,"probability":0.00105,"id":810},{"power_generation":9.234,"probability":0.00088,"id":811},{"power_generation":15.57,"probability":0.00107,"id":812},{"power_generation":15.462,"probability":0.001,"id":813},{"power_generation":14.994,"probability":0.00106,"id":814},{"power_generation":15.48,"probability":0.00088,"id":815},{"power_generation":0.46799999999999997,"probability":0.00086,"id":816},{"power_generation":12.69,"probability":0.00108,"id":817},{"power_generation":13.842,"probability":0.00105,"id":818},{"power_generation":15.372,"probability":0.00111,"id":819},{"power_generation":4.41,"probability":0.00099,"id":820},{"power_generation":11.682,"probability":0.00091,"id":821},{"power_generation":2.6279999999999997,"probability":0.00104,"id":822},{"power_generation":14.346,"probability":0.00108,"id":823},{"power_generation":12.222000000000001,"probability":0.0011,"id":824},{"power_generation":9.342,"probability":0.00106,"id":825},{"power_generation":1.404,"probability":0.00083,"id":826},{"power_generation":12.581999999999999,"probability":0.00113,"id":827},{"power_generation":2.6639999999999997,"probability":0.00099,"id":828},{"power_generation":14.076,"probability":0.00094,"id":829},{"power_generation":5.994000000000001,"probability":0.0011,"id":830},{"power_generation":2.5559999999999996,"probability":0.00087,"id":831},{"power_generation":13.086,"probability":0.00103,"id":832},{"power_generation":4.806,"probability":0.00101,"id":833},{"power_generation":17.838,"probability":0.00081,"id":834},{"power_generation":15.714,"probability":0.00098,"id":835},{"power_generation":15.822,"probability":0.00092,"id":836},{"power_generation":2.3760000000000003,"probability":0.00091,"id":837},{"power_generation":10.494,"probability":0.00105,"id":838},{"power_generation":14.652,"probability":0.0013,"id":839},{"power_generation":10.008000000000001,"probability":0.00085,"id":840},{"power_generation":15.894,"probability":0.00114,"id":841},{"power_generation":5.634,"probability":0.00108,"id":842},{"power_generation":15.209999999999999,"probability":0.00103,"id":843},{"power_generation":15.624,"probability":0.00103,"id":844},{"power_generation":9.576,"probability":0.00087,"id":845},{"power_generation":8.838,"probability":0.00113,"id":846},{"power_generation":16.2,"probability":0.001,"id":847},{"power_generation":12.383999999999999,"probability":0.00094,"id":848},{"power_generation":12.51,"probability":0.00092,"id":849},{"power_generation":16.434,"probability":0.00102,"id":850},{"power_generation":8.442,"probability":0.00108,"id":851},{"power_generation":14.454,"probability":0.00115,"id":852},{"power_generation":14.975999999999999,"probability":0.00112,"id":853},{"power_generation":0.28800000000000003,"probability":0.00085,"id":854},{"power_generation":9.486,"probability":0.00118,"id":855},{"power_generation":4.176,"probability":0.00121,"id":856},{"power_generation":10.962,"probability":0.001,"id":857},{"power_generation":10.709999999999999,"probability":0.00104,"id":858},{"power_generation":16.884,"probability":0.00104,"id":859},{"power_generation":1.53,"probability":0.00102,"id":860},{"power_generation":13.176,"probability":0.00121,"id":861},{"power_generation":1.3679999999999999,"probability":0.0009,"id":862},{"power_generation":15.12,"probability":0.00106,"id":863},{"power_generation":11.988000000000001,"probability":0.00097,"id":864},{"power_generation":0.216,"probability":0.00088,"id":865},{"power_generation":10.026000000000002,"probability":0.00093,"id":866},{"power_generation":10.565999999999999,"probability":0.00107,"id":867},{"power_generation":2.0340000000000003,"probability":0.00085,"id":868},{"power_generation":3.2399999999999998,"probability":0.00086,"id":869},{"power_generation":13.104,"probability":0.00098,"id":870},{"power_generation":10.169999999999998,"probability":0.00091,"id":871},{"power_generation":7.542,"probability":0.00113,"id":872},{"power_generation":10.89,"probability":0.00099,"id":873},{"power_generation":11.466000000000001,"probability":0.00107,"id":874},{"power_generation":3.528,"probability":0.00098,"id":875},{"power_generation":13.518,"probability":0.00092,"id":876},{"power_generation":10.655999999999999,"probability":0.00097,"id":877},{"power_generation":2.322,"probability":0.00111,"id":878},{"power_generation":3.6540000000000004,"probability":0.00083,"id":879},{"power_generation":1.6199999999999999,"probability":0.001,"id":880},{"power_generation":6.282,"probability":0.001,"id":881},{"power_generation":0.846,"probability":0.00095,"id":882},{"power_generation":13.77,"probability":0.00089,"id":883},{"power_generation":2.43,"probability":0.00086,"id":884},{"power_generation":5.49,"probability":0.00092,"id":885},{"power_generation":1.998,"probability":0.00098,"id":886},{"power_generation":7.956,"probability":0.001,"id":887},{"power_generation":17.226,"probability":0.00081,"id":888},{"power_generation":0.23399999999999999,"probability":0.00106,"id":889},{"power_generation":13.392,"probability":0.0009,"id":890},{"power_generation":5.868,"probability":0.00086,"id":891},{"power_generation":16.974,"probability":0.00101,"id":892},{"power_generation":12.87,"probability":0.00107,"id":893},{"power_generation":5.148,"probability":0.00102,"id":894},{"power_generation":10.548,"probability":0.00098,"id":895},{"power_generation":11.322,"probability":0.00113,"id":896},{"power_generation":11.033999999999999,"probability":0.00105,"id":897},{"power_generation":3.762,"probability":0.00112,"id":898},{"power_generation":4.2299999999999995,"probability":0.0009,"id":899},{"power_generation":2.466,"probability":0.00104,"id":900},{"power_generation":9.324,"probability":0.00093,"id":901},{"power_generation":6.876,"probability":0.00106,"id":902},{"power_generation":9.792000000000002,"probability":0.0012,"id":903},{"power_generation":15.696,"probability":0.00105,"id":904},{"power_generation":14.292000000000002,"probability":0.00114,"id":905},{"power_generation":17.298,"probability":0.00108,"id":906},{"power_generation":5.598,"probability":0.00098,"id":907},{"power_generation":17.64,"probability":0.00087,"id":908},{"power_generation":17.946,"probability":0.00099,"id":909},{"power_generation":4.014,"probability":0.00103,"id":910},{"power_generation":8.658,"probability":0.00098,"id":911},{"power_generation":11.52,"probability":0.00102,"id":912},{"power_generation":6.138000000000001,"probability":0.00097,"id":913},{"power_generation":11.43,"probability":0.00102,"id":914},{"power_generation":16.560000000000002,"probability":0.00083,"id":915},{"power_generation":17.406,"probability":0.00097,"id":916},{"power_generation":9.702,"probability":0.00108,"id":917},{"power_generation":9.252,"probability":0.00109,"id":918},{"power_generation":15.228,"probability":0.00093,"id":919},{"power_generation":12.24,"probability":0.00099,"id":920},{"power_generation":12.924,"probability":0.00103,"id":921},{"power_generation":8.478,"probability":0.00095,"id":922},{"power_generation":1.5839999999999999,"probability":0.00088,"id":923},{"power_generation":2.0700000000000003,"probability":0.00096,"id":924},{"power_generation":13.428,"probability":0.00111,"id":925},{"power_generation":16.919999999999998,"probability":0.00099,"id":926},{"power_generation":4.302,"probability":0.00103,"id":927},{"power_generation":17.928,"probability":0.00086,"id":928},{"power_generation":6.4079999999999995,"probability":0.00095,"id":929},{"power_generation":12.15,"probability":0.00099,"id":930},{"power_generation":3.6719999999999997,"probability":0.00089,"id":931},{"power_generation":1.08,"probability":0.00089,"id":932},{"power_generation":3.0420000000000003,"probability":0.00098,"id":933},{"power_generation":13.446,"probability":0.00096,"id":934},{"power_generation":10.584,"probability":0.00105,"id":935},{"power_generation":1.1520000000000001,"probability":0.00092,"id":936},{"power_generation":7.236000000000001,"probability":0.00095,"id":937},{"power_generation":9.504000000000001,"probability":0.00095,"id":938},{"power_generation":4.194,"probability":0.00102,"id":939},{"power_generation":6.048,"probability":0.00098,"id":940},{"power_generation":17.136,"probability":0.00102,"id":941},{"power_generation":13.932,"probability":0.00098,"id":942},{"power_generation":9.684000000000001,"probability":0.00104,"id":943},{"power_generation":14.633999999999999,"probability":0.00096,"id":944},{"power_generation":1.3319999999999999,"probability":0.00099,"id":945},{"power_generation":7.4879999999999995,"probability":0.00105,"id":946},{"power_generation":0.5940000000000001,"probability":0.00109,"id":947},{"power_generation":16.29,"probability":0.0009,"id":948},{"power_generation":6.786,"probability":0.0012,"id":949},{"power_generation":16.794,"probability":0.00098,"id":950},{"power_generation":15.084,"probability":0.00093,"id":951},{"power_generation":14.382000000000001,"probability":0.00084,"id":952},{"power_generation":13.806000000000001,"probability":0.00084,"id":953},{"power_generation":16.398,"probability":0.00092,"id":954},{"power_generation":6.353999999999999,"probability":0.00091,"id":955},{"power_generation":0.828,"probability":0.00082,"id":956},{"power_generation":10.152,"probability":0.00087,"id":957},{"power_generation":13.824,"probability":0.00112,"id":958},{"power_generation":6.174,"probability":0.00107,"id":959},{"power_generation":13.788,"probability":0.00098,"id":960},{"power_generation":6.4799999999999995,"probability":0.00103,"id":961},{"power_generation":7.56,"probability":0.00095,"id":962},{"power_generation":2.16,"probability":0.00116,"id":963},{"power_generation":17.262,"probability":0.00099,"id":964},{"power_generation":17.28,"probability":0.00097,"id":965},{"power_generation":5.76,"probability":0.00094,"id":966},{"power_generation":12.707999999999998,"probability":0.00109,"id":967},{"power_generation":2.862,"probability":0.00088,"id":968},{"power_generation":2.268,"probability":0.00084,"id":969},{"power_generation":7.074,"probability":0.0012,"id":970},{"power_generation":10.098,"probability":0.00098,"id":971},{"power_generation":12.546,"probability":0.00126,"id":972},{"power_generation":7.11,"probability":0.00096,"id":973},{"power_generation":0.6659999999999999,"probability":0.00099,"id":974},{"power_generation":7.776,"probability":0.00104,"id":975},{"power_generation":4.374,"probability":0.0011,"id":976},{"power_generation":15.443999999999999,"probability":0.00097,"id":977},{"power_generation":11.790000000000001,"probability":0.0011,"id":978},{"power_generation":7.326,"probability":0.00088,"id":979},{"power_generation":4.716,"probability":0.00086,"id":980},{"power_generation":6.462,"probability":0.00091,"id":981},{"power_generation":11.916,"probability":0.00106,"id":982},{"power_generation":10.908,"probability":0.00108,"id":983},{"power_generation":8.459999999999999,"probability":0.0011,"id":984},{"power_generation":5.886,"probability":0.00122,"id":985},{"power_generation":5.7780000000000005,"probability":0.00114,"id":986},{"power_generation":1.422,"probability":0.00103,"id":987},{"power_generation":16.488,"probability":0.00102,"id":988},{"power_generation":5.454,"probability":0.00087,"id":989},{"power_generation":3.114,"probability":0.00104,"id":990},{"power_generation":9.414,"probability":0.0011,"id":991},{"power_generation":6.6419999999999995,"probability":0.00108,"id":992},{"power_generation":14.31,"probability":0.00095,"id":993},{"power_generation":5.688,"probability":0.00099,"id":994},{"power_generation":3.78,"probability":0.0009,"id":995},{"power_generation":16.182000000000002,"probability":0.00099,"id":996},{"power_generation":4.446,"probability":0.00093,"id":997},{"power_generation":3.024,"probability":0.00091,"id":998},{"power_generation":9.540000000000001,"probability":0.00124,"id":999},{"power_generation":4.59,"probability":0.00088,"id":1000},{"power_generation":5.13,"probability":0.00086,"id":1001}],"substation_locations":[{"id":1,"x":65.1,"y":-2.8},{"id":2,"x":34.0,"y":-2.8},{"id":3,"x":45.3,"y":-2.8},{"id":4,"x":55.5,"y":-2.8},{"id":5,"x":39.7,"y":-2.8},{"id":6,"x":50.2,"y":-2.8},{"id":7,"x":60.8,"y":-2.8},{"id":8,"x":65.1,"y":-1.3},{"id":9,"x":34.0,"y":-1.3},{"id":10,"x":45.3,"y":-1.3},{"id":11,"x":55.5,"y":-1.3},{"id":12,"x":39.7,"y":-1.3},{"id":13,"x":50.2,"y":-1.3},{"id":14,"x":60.8,"y":-1.3},{"id":15,"x":65.1,"y":-0.1},{"id":16,"x":34.0,"y":-0.1},{"id":17,"x":45.3,"y":-0.1},{"id":18,"x":55.5,"y":-0.1},{"id":19,"x":39.7,"y":-0.1},{"id":20,"x":50.2,"y":-0.1},{"id":21,"x":60.8,"y":-0.1},{"id":22,"x":65.1,"y":1.8},{"id":23,"x":34.0,"y":1.8},{"id":24,"x":45.3,"y":1.8},{"id":25,"x":55.5,"y":1.8},{"id":26,"x":39.7,"y":1.8},{"id":27,"x":50.2,"y":1.8},{"id":28,"x":60.8,"y":1.8},{"id":29,"x":65.1,"y":3.2},{"id":30,"x":34.0,"y":3.2},{"id":31,"x":45.3,"y":3.2},{"id":32,"x":55.5,"y":3.2},{"id":33,"x":39.7,"y":3.2},{"id":34,"x":50.2,"y":3.2},{"id":35,"x":60.8,"y":3.2}],"substation_types":[{"cost":240.0,"rating":200,"probability_of_failure":1.3698630136986302e-5,"id":1},{"cost":360.0,"rating":300,"probability_of_failure":1.3698630136986302e-5,"id":2},{"cost":600.0,"rating":500,"probability_of_failure":1.3698630136986302e-5,"id":3},{"cost":1080.0,"rating":900,"probability_of_failure":1.3698630136986302e-5,"id":4},{"cost":1740.0,"rating":1450,"probability_of_failure":1.3698630136986302e-5,"id":5},{"cost":2880.0,"rating":2400,"probability_of_failure":1.3698630136986302e-5,"id":6},{"cost":200.0,"rating":200,"probability_of_failure":0.000136986301369863,"id":7},{"cost":300.0,"rating":300,"probability_of_failure":0.000136986301369863,"id":8},{"cost":500.0,"rating":500,"probability_of_failure":0.000136986301369863,"id":9},{"cost":900.0,"rating":900,"probability_of_failure":0.000136986301369863,"id":10},{"cost":1450.0,"rating":1450,"probability_of_failure":0.000136986301369863,"id":11},{"cost":2400.0,"rating":2400,"probability_of_failure":0.000136986301369863,"id":12},{"cost":190.0,"rating":200,"probability_of_failure":0.000547945205479452,"id":13},{"cost":285.0,"rating":300,"probability_of_failure":0.000547945205479452,"id":14},{"cost":475.0,"rating":500,"probability_of_failure":0.000547945205479452,"id":15},{"cost":855.0,"rating":900,"probability_of_failure":0.000547945205479452,"id":16},{"cost":1377.5,"rating":1450,"probability_of_failure":0.000547945205479452,"id":17},{"cost":2280.0,"rating":2400,"probability_of_failure":0.000547945205479452,"id":18},{"cost":180.0,"rating":200,"probability_of_failure":0.002191780821917808,"id":19},{"cost":270.0,"rating":300,"probability_of_failure":0.002191780821917808,"id":20},{"cost":450.0,"rating":500,"probability_of_failure":0.002191780821917808,"id":21},{"cost":810.0,"rating":900,"probability_of_failure":0.002191780821917808,"id":22},{"cost":1305.0,"rating":1450,"probability_of_failure":0.002191780821917808,"id":23},{"cost":2160.0,"rating":2400,"probability_of_failure":0.002191780821917808,"id":24}],"general_parameters":{"fixed_cost_cable":5.0,"variable_cost_cable":0.5,"curtailing_penalty":7000.0,"curtailing_cost":70.0,"main_land_station":{"x":0,"y":0},"maximum_power":18.0,"maximum_curtailing":600.0},"substation_substation_cable_types":[{"rating":100,"variable_cost":4.0,"id":1,"fixed_cost":80.0},{"rating":200,"variable_cost":8.0,"id":2,"fixed_cost":80.0},{"rating":300,"variable_cost":10.0,"id":3,"fixed_cost":80.0},{"rating":500,"variable_cost":16.0,"id":4,"fixed_cost":100.0},{"rating":900,"variable_cost":24.0,"id":5,"fixed_cost":100.0},{"rating":1450,"variable_cost":32.0,"id":6,"fixed_cost":120.0},{"rating":2400,"variable_cost":48.0,"id":7,"fixed_cost":120.0},{"rating":100,"variable_cost":3.6,"id":8,"fixed_cost":72.0},{"rating":200,"variable_cost":7.2,"id":9,"fixed_cost":72.0},{"rating":300,"variable_cost":9.0,"id":10,"fixed_cost":72.0},{"rating":500,"variable_cost":14.4,"id":11,"fixed_cost":90.0},{"rating":900,"variable_cost":21.6,"id":12,"fixed_cost":90.0},{"rating":1450,"variable_cost":28.8,"id":13,"fixed_cost":108.0},{"rating":2400,"variable_cost":43.2,"id":14,"fixed_cost":108.0},{"rating":100,"variable_cost":3.4,"id":15,"fixed_cost":68.0},{"rating":200,"variable_cost":6.8,"id":16,"fixed_cost":68.0},{"rating":300,"variable_cost":8.5,"id":17,"fixed_cost":68.0},{"rating":500,"variable_cost":13.6,"id":18,"fixed_cost":85.0},{"rating":900,"variable_cost":20.4,"id":19,"fixed_cost":85.0},{"rating":1450,"variable_cost":27.2,"id":20,"fixed_cost":102.0},{"rating":2400,"variable_cost":40.8,"id":21,"fixed_cost":102.0}]}