{"land_substation_cable_types":[{"rating":200,"probability_of_failure":5.479452054794521e-5,"variable_cost":0.015,"id":1,"fixed_cost":0.0},{"rating":300,"probability_of_failure":5.479452054794521e-5,"variable_cost":0.045,"id":2,"fixed_cost":0.0},{"rating":200,"probability_of_failure":0.000273972602739726,"variable_cost":0.01,"id":3,"fixed_cost":0.0},{"rating":300,"probability_of_failure":0.000273972602739726,"variable_cost":0.03,"id":4,"fixed_cost":0.0},{"rating":200,"probability_of_failure":0.0008219178082191781,"variable_cost":0.0085,"id":5,"fixed_cost":0.0},{"rating":300,"probability_of_failure":0.0008219178082191781,"variable_cost":0.0255,"id":6,"fixed_cost":0.0}],"wind_turbines":[{"id":1,"x":80,"y":0}],"wind_scenarios":[{"power_generation":18.0,"probability":1.0,"id":1}],"substation_locations":[{"id":1,"x":40.0,"y":0.0},{"id":2,"x":35.0,"y":0.0}],"substation_types":[{"cost":200.0,"rating":200,"probability_of_failure":6.84931506849315e-5,"id":1},{"cost":160.0,"rating":200,"probability_of_failure":0.000273972602739726,"id":2},{"cost":140.0,"rating":200,"probability_of_failure":0.0008219178082191781,"id":3}],"general_parameters":{"fixed_cost_cable":5.0,"variable_cost_cable":0.5,"curtailing_penalty":35000.0,"curtailing_cost":350.0,"main_land_station":{"x":0,"y":0},"maximum_power":18.0,"maximum_curtailing":0.1},"substation_substation_cable_types":[{"rating":100,"variable_cost":0.01,"id":1,"fixed_cost":0.0},{"rating":200,"variable_cost":0.02,"id":2,"fixed_cost":0.0},{"rating":100,"variable_cost":0.009000000000000001,"id":3,"fixed_cost":0.0},{"rating":200,"variable_cost":0.018000000000000002,"id":4,"fixed_cost":0.0},{"rating":100,"variable_cost":0.0085,"id":5,"fixed_cost":0.0},{"rating":200,"variable_cost":0.017,"id":6,"fixed_cost":0.0}]}